Procedure Name,Procedure Path,Master Name,Master Path
bi_self_serve_op_flights.fex,/output/OPS_BI_Tool/bi_self_serve_op_flights.fex,bi_leg_incident,/output/ops/bi_leg_incident.mas
bi_self_serve_op_flights.fex,/output/OPS_BI_Tool/bi_self_serve_op_flights.fex,bi_leg_flown,/output/ops/bi_leg_flown.mas
bi_self_serve_op_flights.fex,/output/OPS_BI_Tool/bi_self_serve_op_flights.fex,bi_dlycode_td,/output/data/bi_dlycode_td.mas
bi_self_serve_op_flights.fex,/output/OPS_BI_Tool/bi_self_serve_op_flights.fex,leg_flown_bi,/output/ops/leg_flown_bi.mas
bi_self_serve_irrop.fex,/output/OPS_BI_Tool/bi_self_serve_irrop.fex,bi_leg_incident,/output/ops/bi_leg_incident.mas
bi_self_serve_realtime_cached.fex,/output/OPS_BI_Tool/bi_self_serve_realtime_cached.fex,bi_dlycode_td,/output/data/bi_dlycode_td.mas
bi_self_serve_realtime_cached.fex,/output/OPS_BI_Tool/bi_self_serve_realtime_cached.fex,dash_data,/output/ops/dash_data.mas
bi_int_summary_report.fex,/output/OPS_BI_Tool/General/bi_int_summary_report.fex,leg_flown,/output/ops/leg_flown.mas
bi_int_summary_report.fex,/output/OPS_BI_Tool/General/bi_int_summary_report.fex,sita_master_report,/output/airport/sita_master_report.mas
jazz_report_cnl_flight_analysis.fex,/output/OPS_BI_Tool/General/jazz_report_cnl_flight_analysis.fex,leg_incident,/output/ops/leg_incident.mas
jazz_report_cnl_flight_analysis.fex,/output/OPS_BI_Tool/General/jazz_report_cnl_flight_analysis.fex,leg_flown,/output/ops/leg_flown.mas
jazz_report_cpa_flt_comp.fex,/output/OPS_BI_Tool/General/jazz_report_cpa_flt_comp.fex,leg_flown,/output/ops/leg_flown.mas
jazz_report_cpa_flt_comp.fex,/output/OPS_BI_Tool/General/jazz_report_cpa_flt_comp.fex,leg_incident,/output/ops/leg_incident.mas
jazz_report_regn_stn_perf.fex,/output/OPS_BI_Tool/General/jazz_report_regn_stn_perf.fex,leg_flown,/output/ops/leg_flown.mas
jazz_report_regn_stn_perf.fex,/output/OPS_BI_Tool/General/jazz_report_regn_stn_perf.fex,leg_incident,/output/ops/leg_incident.mas
jazz_billing_report.fex,/output/OPS_BI_Tool/General/jazz_billing_report.fex,leg_flown_bi,/output/ops/leg_flown_bi.mas
cnx_activity_rebuild.fex,/output/OPS_BI_Tool/General/cnx_activity_rebuild.fex,leg_scheduled_new,/output/ops/leg_scheduled_new.mas
cnx_activity_rebuild.fex,/output/OPS_BI_Tool/General/cnx_activity_rebuild.fex,v_itinerary_segments,/output/airport/v_itinerary_segments.mas
scheduled_flight_summary_report.fex,/output/OPS_BI_Tool/General/scheduled_flight_summary_report.fex,leg_scheduled_new,/output/ops/leg_scheduled_new.mas
GH_Invoice_Validation_2.fex,/output/OPS_BI_Tool/General/GH_Invoice_Validation_2.fex,leg_flown,/output/ops/leg_flown.mas
GH_Invoice_Validation_2.fex,/output/OPS_BI_Tool/General/GH_Invoice_Validation_2.fex,leg_incident,/output/ops/leg_incident.mas
acm_omi_summary_report.fex,/output/OPS_BI_Tool/ACM/acm_omi_summary_report.fex,omi_snapshot_master,/output/acm/omi_snapshot_master.mas
baggage_in_sequence_report.fex,/output/OPS_BI_Tool/Baggage/baggage_in_sequence_report.fex,leg_flown,/output/ops/leg_flown.mas
baggage_in_sequence_report.fex,/output/OPS_BI_Tool/Baggage/baggage_in_sequence_report.fex,baggage_event_bpm,/output/airport/baggage_event_bpm.mas
Employee_Search_by_Day_Scanner.fex,/output/OPS_BI_Tool/Baggage/Employee_Search_by_Day_Scanner.fex,baggage_event_bpm,/output/airport/baggage_event_bpm.mas
pawobs_by_month_sita.fex,/output/OPS_BI_Tool/Baggage/pawobs_by_month_sita.fex,sita_master_report,/output/airport/sita_master_report.mas
pawobs_summary_report_sita.fex,/output/OPS_BI_Tool/Baggage/pawobs_summary_report_sita.fex,sita_master_report,/output/airport/sita_master_report.mas
pawobs_summary_report_sita.fex,/output/OPS_BI_Tool/Baggage/pawobs_summary_report_sita.fex,lvl0,/output/ops/lvl0.mas
pawobs_summary_report_sita.fex,/output/OPS_BI_Tool/Baggage/pawobs_summary_report_sita.fex,all_data,/output/ops/all_data.mas
Scanner_Detail_by_Day_and_Employee.fex,/output/OPS_BI_Tool/Baggage/Scanner_Detail_by_Day_and_Employee.fex,baggage_event_bpm,/output/airport/baggage_event_bpm.mas
Daily_OpsABS_Report.fex,/output/Executive_Reports/Absenteeism/Daily_OpsABS_Report.fex,absenteeism_ops_targets,/output/ops/absenteeism_ops_targets.mas
Daily_OpsABS_Report.fex,/output/Executive_Reports/Absenteeism/Daily_OpsABS_Report.fex,cc_absenteeism_historical,/output/ops/cc_absenteeism_historical.mas
Daily_OpsABS_Report.fex,/output/Executive_Reports/Absenteeism/Daily_OpsABS_Report.fex,ifs_absenteeism_historical,/output/ifs/ifs_absenteeism_historical.mas
Daily_OpsABS_Report.fex,/output/Executive_Reports/Absenteeism/Daily_OpsABS_Report.fex,fops_absenteeism_historical,/output/fops/fops_absenteeism_historical.mas
Daily_OpsABS_Report.fex,/output/Executive_Reports/Absenteeism/Daily_OpsABS_Report.fex,acm_absenteeism_historical,/output/ops/acm_absenteeism_historical.mas
Daily_OpsABS_Report.fex,/output/Executive_Reports/Absenteeism/Daily_OpsABS_Report.fex,atw_absenteeism_historical,/output/ops/atw_absenteeism_historical.mas
Daily_OpsABS_Report.fex,/output/Executive_Reports/Absenteeism/Daily_OpsABS_Report.fex,btw_absenteeism_historical,/output/ops/btw_absenteeism_historical.mas
Daily_OpsABS_Report.fex,/output/Executive_Reports/Absenteeism/Daily_OpsABS_Report.fex,cabinservices_absenteeism_historical,/output/ops/cabinservices_absenteeism_historical.mas
Daily_OpsABS_Report.fex,/output/Executive_Reports/Absenteeism/Daily_OpsABS_Report.fex,soc_absenteeism_historical,/output/ops/soc_absenteeism_historical.mas
fops_crew_expenses_pbs_freeze.fex,/output/OPS_BI_Tool/Flight_Ops_Reports/Monthly_Crew_Pairing/fops_crew_expenses_pbs_freeze.fex,pbs_pb,/output/fops/pbs_pb.mas
BHPP_and_PTB.fex,/output/FOPs_Reports/Flight_Ops_Reports/BHPP_and_PTB.fex,flt_crew_pay_501,/output/fops/flt_crew_pay_501.mas
ifs_dh_pbs_freeze.fex,/output/OPS_BI_Tool/IFS_Reports/ifs_dh_pbs_freeze.fex,cab_crew_pbs_si,/output/fops/cab_crew_pbs_si.mas
ifs_dh_pbs_freeze.fex,/output/OPS_BI_Tool/IFS_Reports/ifs_dh_pbs_freeze.fex,cab_crew_pbs_fd,/output/fops/cab_crew_pbs_fd.mas
ifs_dh_pbs_freeze_RV.fex,/output/OPS_BI_Tool/IFS_Reports/ifs_dh_pbs_freeze_RV.fex,cab_crew_pbs_si,/output/fops/cab_crew_pbs_si.mas
ifs_dh_pbs_freeze_RV.fex,/output/OPS_BI_Tool/IFS_Reports/ifs_dh_pbs_freeze_RV.fex,cab_crew_pbs_fd,/output/fops/cab_crew_pbs_fd.mas
CUPE_External.fex,/output/OPS_BI_Tool/IFS_Reports/CUPE_External.fex,cab_crew_pbs_si,/output/fops/cab_crew_pbs_si.mas
CUPE_External.fex,/output/OPS_BI_Tool/IFS_Reports/CUPE_External.fex,cab_crew_pbs_fs,/output/fops/cab_crew_pbs_fs.mas
CUPE_External.fex,/output/OPS_BI_Tool/IFS_Reports/CUPE_External.fex,ifs_cupe_external_data,/output/ifs/ifs_cupe_external_data.mas
CUPE_Internal.fex,/output/OPS_BI_Tool/IFS_Reports/CUPE_Internal.fex,cab_crew_pbs_si,/output/fops/cab_crew_pbs_si.mas
CUPE_Internal.fex,/output/OPS_BI_Tool/IFS_Reports/CUPE_Internal.fex,cab_crew_pbs_fs,/output/fops/cab_crew_pbs_fs.mas
OBR_WINTER.fex,/output/OPS_BI_Tool/Restricted/OBR_WINTER.fex,optiblocks_speeds,/output/fops/optiblocks_speeds.mas
OBR_SUMMER.fex,/output/OPS_BI_Tool/Restricted/OBR_SUMMER.fex,optiblocks_speeds,/output/fops/optiblocks_speeds.mas
OBR_Sabre_WINTER.fex,/output/OPS_BI_Tool/Restricted/OBR_Sabre_WINTER.fex,optiblocks_speeds,/output/fops/optiblocks_speeds.mas
OBR_Sabre_SUMMER.fex,/output/OPS_BI_Tool/Restricted/OBR_Sabre_SUMMER.fex,optiblocks_speeds,/output/fops/optiblocks_speeds.mas
CPCI_main.fex,/output/OPS_BI_Tool/Restricted/CPCI_main.fex,ref_cpci_lido,/output/fops/ref_cpci_lido.mas
CPCI_main.fex,/output/OPS_BI_Tool/Restricted/CPCI_main.fex,ref_cpci_types,/output/fops/ref_cpci_types.mas
CPCI_main.fex,/output/OPS_BI_Tool/Restricted/CPCI_main.fex,pbs_ps,/output/fops/pbs_ps.mas
CPCI_main.fex,/output/OPS_BI_Tool/Restricted/CPCI_main.fex,cab_crew_pbs_fs,/output/fops/cab_crew_pbs_fs.mas
CPCI_main.fex,/output/OPS_BI_Tool/Restricted/CPCI_main.fex,ref_cpci_lidocrz_types,/output/fops/ref_cpci_lidocrz_types.mas
Fuel_SPIs_Report_Data.fex,/output/OPS_BI_Tool/Restricted/ACF_Reports/Fuel_SPIs_Report_Data.fex,vw_leg_fuel,/output/ops/vw_leg_fuel.mas
Fuel_SPIs_Report_Data.fex,/output/OPS_BI_Tool/Restricted/ACF_Reports/Fuel_SPIs_Report_Data.fex,ref_oprn_flight_range,/output/ops/ref_oprn_flight_range.mas
Fuel_SPIs_Report_Data.fex,/output/OPS_BI_Tool/Restricted/ACF_Reports/Fuel_SPIs_Report_Data.fex,leg_flown,/output/ops/leg_flown.mas
Crew_Costs.fex,/output/OPS_BI_Tool/Restricted/Crew_Costs.fex,ref_cpci_types,/output/fops/ref_cpci_types.mas
Crew_Costs.fex,/output/OPS_BI_Tool/Restricted/Crew_Costs.fex,pbs_ps,/output/fops/pbs_ps.mas
Crew_Costs.fex,/output/OPS_BI_Tool/Restricted/Crew_Costs.fex,cab_crew_pbs_fs,/output/fops/cab_crew_pbs_fs.mas
mel_append_v2.fex,/output/ETLs/MEL_Append_Process/mel_append_v2.fex,trax_defect_report,/output/acm/trax_defect_report.mas
mel_append_v2.fex,/output/ETLs/MEL_Append_Process/mel_append_v2.fex,trax_defect_mel_master,/output/acm/trax_defect_mel_master.mas
OMI_Snapshot_Append.fex,/output/SR4/OMI_Reports/OMI_Snapshot_ETLs/OMI_Snapshot_Append.fex,omi_snapshot_master_staging,/output/acm/omi_snapshot_master_staging.mas
OMI_Snapshot_Append.fex,/output/SR4/OMI_Reports/OMI_Snapshot_ETLs/OMI_Snapshot_Append.fex,omi_snapshot_master,/output/acm/omi_snapshot_master.mas
PAL_CPA_OTP_Report.fex,/output/OTP_Reports/PAL_CPA_OTP_Report/PAL_CPA_OTP_Report.fex,leg_flown,/output/ops/leg_flown.mas
PAL_CPA_OTP_Report.fex,/output/OTP_Reports/PAL_CPA_OTP_Report/PAL_CPA_OTP_Report.fex,leg_incident,/output/ops/leg_incident.mas
ATPDR_Fin_Swap_Update.fex,/output/Compliance_Reports/ATPDR_Fin_Swap_Report/ATPDR_Fin_Swap_Update.fex,atpdr_fin_swap_data,/output/ops/atpdr_fin_swap_data.mas
Ops_Summary_Data_Extract.fex,/output/Remediated_Reports/Daily_Carrier_OPS_Summary/Data_Extract/Ops_Summary_Data_Extract.fex,leg_flown,/output/ops/leg_flown.mas
Ops_Summary_Data_Extract.fex,/output/Remediated_Reports/Daily_Carrier_OPS_Summary/Data_Extract/Ops_Summary_Data_Extract.fex,leg_incident,/output/ops/leg_incident.mas
Ops_Summary_Data_Extract.fex,/output/Remediated_Reports/Daily_Carrier_OPS_Summary/Data_Extract/Ops_Summary_Data_Extract.fex,station_master,/output/ops/station_master.mas
oper_perf_summary_parameters.fex,/output/Remediated_Reports/OPR_Data/oper_perf_summary_parameters.fex,calendar,/output//calendar.mas
oper_perf_summary_parameters.fex,/output/Remediated_Reports/OPR_Data/oper_perf_summary_parameters.fex,ref_oprn_flight_range,/output/ops/ref_oprn_flight_range.mas
oper_perf_summary_data_calendar.fex,/output/Remediated_Reports/OPR_Data/oper_perf_summary_data_calendar.fex,calendar,/output//calendar.mas
oper_perf_summary_data_mta_perf.fex,/output/Remediated_Reports/OPR_Data/oper_perf_summary_data_mta_perf.fex,leg_flown,/output/ops/leg_flown.mas
oper_perf_summary_data_mta_perf.fex,/output/Remediated_Reports/OPR_Data/oper_perf_summary_data_mta_perf.fex,ops_data_calendar_hold_05,/output/ops/ops_data_calendar_hold_05.mas
oper_perf_summary_data_mel.fex,/output/Remediated_Reports/OPR_Data/oper_perf_summary_data_mel.fex,mel_master_detail,/output/acm/mel_master_detail.mas
oper_perf_summary_data_mel.fex,/output/Remediated_Reports/OPR_Data/oper_perf_summary_data_mel.fex,ops_data_calendar_hold_05,/output/ops/ops_data_calendar_hold_05.mas
oper_perf_summary_data_fuel.fex,/output/Remediated_Reports/OPR_Data/oper_perf_summary_data_fuel.fex,leg_flown,/output/ops/leg_flown.mas
oper_perf_summary_data_fuel.fex,/output/Remediated_Reports/OPR_Data/oper_perf_summary_data_fuel.fex,ops_data_calendar_hold_05,/output/ops/ops_data_calendar_hold_05.mas
oper_perf_summary_data_fuel_2.fex,/output/Remediated_Reports/OPR_Data/oper_perf_summary_data_fuel_2.fex,leg_flown,/output/ops/leg_flown.mas
oper_perf_summary_data_fuel_2.fex,/output/Remediated_Reports/OPR_Data/oper_perf_summary_data_fuel_2.fex,ops_data_calendar_hold_05,/output/ops/ops_data_calendar_hold_05.mas
oper_perf_summary_data_targets.fex,/output/Remediated_Reports/OPR_Data/oper_perf_summary_data_targets.fex,calendar,/output//calendar.mas
oper_perf_summary_data_targets.fex,/output/Remediated_Reports/OPR_Data/oper_perf_summary_data_targets.fex,targets_carrier_system,/output/ops/targets_carrier_system.mas
oper_perf_summary_data_targets.fex,/output/Remediated_Reports/OPR_Data/oper_perf_summary_data_targets.fex,targets_carrier_citypair,/output/ops/targets_carrier_citypair.mas
oper_perf_summary_data_targets.fex,/output/Remediated_Reports/OPR_Data/oper_perf_summary_data_targets.fex,targets_carrier_station,/output/ops/targets_carrier_station.mas
oper_perf_summary_data_v2.fex,/output/Remediated_Reports/OPR_Data/oper_perf_summary_data_v2.fex,leg_flown,/output/ops/leg_flown.mas
oper_perf_summary_data_v2.fex,/output/Remediated_Reports/OPR_Data/oper_perf_summary_data_v2.fex,leg_incident,/output/ops/leg_incident.mas
oper_perf_summary_data_v2.fex,/output/Remediated_Reports/OPR_Data/oper_perf_summary_data_v2.fex,ref_city_pair,/output/ops/ref_city_pair.mas
oper_perf_summary_data_v2.fex,/output/Remediated_Reports/OPR_Data/oper_perf_summary_data_v2.fex,ops_data_calendar_hold_05,/output/ops/ops_data_calendar_hold_05.mas
oper_perf_summary_data_dly_codes.fex,/output/Remediated_Reports/OPR_Data/oper_perf_summary_data_dly_codes.fex,leg_flown,/output/ops/leg_flown.mas
oper_perf_summary_data_dly_codes.fex,/output/Remediated_Reports/OPR_Data/oper_perf_summary_data_dly_codes.fex,ops_data_calendar_hold_05,/output/ops/ops_data_calendar_hold_05.mas
oper_perf_summary_data_hub_thruput.fex,/output/Remediated_Reports/OPR_Data/oper_perf_summary_data_hub_thruput.fex,leg_flown,/output/ops/leg_flown.mas
oper_perf_summary_data_hub_thruput.fex,/output/Remediated_Reports/OPR_Data/oper_perf_summary_data_hub_thruput.fex,ops_data_calendar_hold_05,/output/ops/ops_data_calendar_hold_05.mas
oper_perf_summary_data_mtc.fex,/output/Remediated_Reports/OPR_Data/oper_perf_summary_data_mtc.fex,ops_data_calendar_hold_05,/output/ops/ops_data_calendar_hold_05.mas
oper_perf_summary_otp_sum.fex,/output/Remediated_Reports/OPR_Summary_Reports/Report_Components/oper_perf_summary_otp_sum.fex,oper_perf_summary_data,/output/ops/oper_perf_summary_data.mas
oper_perf_summary_otp_mtd_sum.fex,/output/Remediated_Reports/OPR_Summary_Reports/Report_Components/oper_perf_summary_otp_mtd_sum.fex,oper_perf_summary_data,/output/ops/oper_perf_summary_data.mas
oper_perf_summary_otp_ytd_sum_cargo.fex,/output/Remediated_Reports/OPR_Summary_Reports/Report_Components/oper_perf_summary_otp_ytd_sum_cargo.fex,oper_perf_summary_data,/output/ops/oper_perf_summary_data.mas
oper_perf_summary_pax_sum.fex,/output/Remediated_Reports/OPR_Summary_Reports/Report_Components/oper_perf_summary_pax_sum.fex,oper_perf_summary_data,/output/ops/oper_perf_summary_data.mas
oper_perf_summary_mta_perf.fex,/output/Remediated_Reports/OPR_Summary_Reports/Report_Components/oper_perf_summary_mta_perf.fex,ops_data_mta_perf_hold_final,/output/ops/ops_data_mta_perf_hold_final.mas
oper_perf_summary_mta_dly_code_sum.fex,/output/Remediated_Reports/OPR_Summary_Reports/Report_Components/oper_perf_summary_mta_dly_code_sum.fex,oper_perf_summary_data_dly_codes,/output/ops/oper_perf_summary_data_dly_codes.mas
oper_perf_summary_mta_dly_code_sum.fex,/output/Remediated_Reports/OPR_Summary_Reports/Report_Components/oper_perf_summary_mta_dly_code_sum.fex,oper_perf_summary_data,/output/ops/oper_perf_summary_data.mas
oper_perf_summary_irrop_sum.fex,/output/Remediated_Reports/OPR_Summary_Reports/Report_Components/oper_perf_summary_irrop_sum.fex,oper_perf_summary_data,/output/ops/oper_perf_summary_data.mas
oper_perf_summary_high_impact_delays.fex,/output/Remediated_Reports/OPR_Summary_Reports/Report_Components/oper_perf_summary_high_impact_delays.fex,oper_perf_summary_data_high_impact_delays,/output/ops/oper_perf_summary_data_high_impact_delays.mas
oper_perf_summary_startup_delays.fex,/output/Remediated_Reports/OPR_Summary_Reports/Report_Components/oper_perf_summary_startup_delays.fex,leg_flown,/output/ops/leg_flown.mas
oper_perf_summary_long_delays.fex,/output/Remediated_Reports/OPR_Summary_Reports/Report_Components/oper_perf_summary_long_delays.fex,leg_flown,/output/ops/leg_flown.mas
oper_perf_summary_gate_returns.fex,/output/Remediated_Reports/OPR_Summary_Reports/Report_Components/oper_perf_summary_gate_returns.fex,leg_incident,/output/ops/leg_incident.mas
oper_perf_summary_time_on_ground.fex,/output/Remediated_Reports/OPR_Summary_Reports/Report_Components/oper_perf_summary_time_on_ground.fex,leg_flown,/output/ops/leg_flown.mas
oper_perf_summary_block_sum.fex,/output/Remediated_Reports/OPR_Summary_Reports/Report_Components/oper_perf_summary_block_sum.fex,oper_perf_summary_data,/output/ops/oper_perf_summary_data.mas
oper_perf_summary_dly_code_sum.fex,/output/Remediated_Reports/OPR_Summary_Reports/Report_Components/oper_perf_summary_dly_code_sum.fex,oper_perf_summary_data_dly_codes,/output/ops/oper_perf_summary_data_dly_codes.mas
oper_perf_summary_hub_perf.fex,/output/Remediated_Reports/OPR_Summary_Reports/Report_Components/oper_perf_summary_hub_perf.fex,oper_perf_summary_data_hub_thruput,/output/ops/oper_perf_summary_data_hub_thruput.mas
oper_perf_summary_hub_flt_phases.fex,/output/Remediated_Reports/OPR_Summary_Reports/Report_Components/oper_perf_summary_hub_flt_phases.fex,oper_perf_summary_data_hub_thruput,/output/ops/oper_perf_summary_data_hub_thruput.mas
oper_perf_summary_mtc_sum.fex,/output/Remediated_Reports/OPR_Summary_Reports/Report_Components/oper_perf_summary_mtc_sum.fex,oper_perf_summary_data_aog,/output/ops/oper_perf_summary_data_aog.mas
oper_perf_summary_mel_sum.fex,/output/Remediated_Reports/OPR_Summary_Reports/Report_Components/oper_perf_summary_mel_sum.fex,oper_perf_summary_data_mel,/output/ops/oper_perf_summary_data_mel.mas
oper_perf_summary_fuel_sum.fex,/output/Remediated_Reports/OPR_Summary_Reports/Report_Components/oper_perf_summary_fuel_sum.fex,oper_perf_summary_data_fuel,/output/ops/oper_perf_summary_data_fuel.mas
oper_perf_summary_fuel_2_sum.fex,/output/Remediated_Reports/OPR_Summary_Reports/Report_Components/oper_perf_summary_fuel_2_sum.fex,oper_perf_summary_data_fuel_2,/output/ops/oper_perf_summary_data_fuel_2.mas
oper_perf_summary_transatlantic_startup.fex,/output/Remediated_Reports/OPR_Summary_Reports/Report_Components/oper_perf_summary_transatlantic_startup.fex,leg_flown,/output/ops/leg_flown.mas
oper_perf_summary_line_of_flying.fex,/output/Remediated_Reports/OPR_Summary_Reports/Report_Components/oper_perf_summary_line_of_flying.fex,ref_oprn_flight_range,/output/ops/ref_oprn_flight_range.mas
oper_perf_summary_line_of_flying.fex,/output/Remediated_Reports/OPR_Summary_Reports/Report_Components/oper_perf_summary_line_of_flying.fex,leg_flown,/output/ops/leg_flown.mas
oper_perf_summary_glossary.fex,/output/Remediated_Reports/OPR_Summary_Reports/Report_Components/oper_perf_summary_glossary.fex,powerbi_report_metadata,/output//powerbi_report_metadata.mas
oper_perf_summary_hub_ground_phase.fex,/output/Remediated_Reports/OPR_Summary_Reports/Report_Components/oper_perf_summary_hub_ground_phase.fex,oper_perf_summary_data_hub_thruput,/output/ops/oper_perf_summary_data_hub_thruput.mas
oper_perf_summary_skd_chain_sum.fex,/output/Remediated_Reports/OPR_Summary_Reports/Report_Components/oper_perf_summary_skd_chain_sum.fex,chain_sum_hold,/output/ops/chain_sum_hold.mas
oper_perf_summary_skd_chain_details.fex,/output/Remediated_Reports/OPR_Summary_Reports/Report_Components/oper_perf_summary_skd_chain_details.fex,skd_chain_tbl,/output/ops/skd_chain_tbl.mas
oper_perf_summary_skd_chain_details.fex,/output/Remediated_Reports/OPR_Summary_Reports/Report_Components/oper_perf_summary_skd_chain_details.fex,chain_sum_hold,/output/ops/chain_sum_hold.mas
oper_perf_summary_skd_chain_details.fex,/output/Remediated_Reports/OPR_Summary_Reports/Report_Components/oper_perf_summary_skd_chain_details.fex,leg_flown,/output/ops/leg_flown.mas
All_Exec_Summary_LWK.fex,/output/Remediated_Reports/All_Exec_Operations_Summary/Report_Components/All_Exec_Summary_LWK.fex,oper_perf_summary_data,/output/ops/oper_perf_summary_data.mas
All_Exec_Summary_MTD_YTD.fex,/output/Remediated_Reports/All_Exec_Operations_Summary/Report_Components/All_Exec_Summary_MTD_YTD.fex,oper_perf_summary_data,/output/ops/oper_perf_summary_data.mas
All_Exec_Summary_MEL.fex,/output/Remediated_Reports/All_Exec_Operations_Summary/Report_Components/All_Exec_Summary_MEL.fex,targets_carrier_system,/output/ops/targets_carrier_system.mas
All_Exec_Summary_MEL.fex,/output/Remediated_Reports/All_Exec_Operations_Summary/Report_Components/All_Exec_Summary_MEL.fex,oper_perf_summary_data_mel,/output/ops/oper_perf_summary_data_mel.mas
oper_perf_summary_parameters.fex,/output/ETLs/OPR_Data/oper_perf_summary_parameters.fex,calendar,/output//calendar.mas
oper_perf_summary_parameters.fex,/output/ETLs/OPR_Data/oper_perf_summary_parameters.fex,ref_oprn_flight_range,/output/ops/ref_oprn_flight_range.mas
All_Exec_Summary_MTC.fex,/output/Remediated_Reports/All_Exec_Operations_Summary/Report_Components/All_Exec_Summary_MTC.fex,targets_carrier_system,/output/ops/targets_carrier_system.mas
All_Exec_Summary_MTC.fex,/output/Remediated_Reports/All_Exec_Operations_Summary/Report_Components/All_Exec_Summary_MTC.fex,oper_perf_summary_data_aog,/output/ops/oper_perf_summary_data_aog.mas
All_Exec_Summary_LWK_Daily.fex,/output/Remediated_Reports/All_Exec_Operations_Summary/Report_Components/All_Exec_Summary_LWK_Daily.fex,oper_perf_summary_data,/output/ops/oper_perf_summary_data.mas
All_Exec_Summary_HUB.fex,/output/Remediated_Reports/All_Exec_Operations_Summary/Report_Components/All_Exec_Summary_HUB.fex,leg_flown,/output/ops/leg_flown.mas
All_Exec_Summary_Perf_Monitor.fex,/output/Remediated_Reports/All_Exec_Operations_Summary/Report_Components/All_Exec_Summary_Perf_Monitor.fex,oper_perf_summary_data,/output/ops/oper_perf_summary_data.mas
daily_yest_ops_summary.fex,/output/OTP_Reports/Daily_Yest_Report_Param/Report_Components/daily_yest_ops_summary.fex,daily_ft_data,/output/ops/daily_ft_data.mas
daily_yest_ops_summary.fex,/output/OTP_Reports/Daily_Yest_Report_Param/Report_Components/daily_yest_ops_summary.fex,leg_flown,/output/ops/leg_flown.mas
daily_yest_delay_cde.fex,/output/OTP_Reports/Daily_Yest_Report_Param/Report_Components/daily_yest_delay_cde.fex,daily_ft_data,/output/ops/daily_ft_data.mas
daily_yest_best_flt_hf.fex,/output/OTP_Reports/Daily_Yest_Report_Param/Report_Components/daily_yest_best_flt_hf.fex,hold_yest,/output/ops/hold_yest.mas
daily_yest_best_flt_lf.fex,/output/OTP_Reports/Daily_Yest_Report_Param/Report_Components/daily_yest_best_flt_lf.fex,hold_yest,/output/ops/hold_yest.mas
daily_yest_wrst_stn_hf.fex,/output/OTP_Reports/Daily_Yest_Report_Param/Report_Components/daily_yest_wrst_stn_hf.fex,hold_yest,/output/ops/hold_yest.mas
daily_yest_wrst_flt_hf.fex,/output/OTP_Reports/Daily_Yest_Report_Param/Report_Components/daily_yest_wrst_flt_hf.fex,hold_yest,/output/ops/hold_yest.mas
daily_yest_wrst_flt_lf.fex,/output/OTP_Reports/Daily_Yest_Report_Param/Report_Components/daily_yest_wrst_flt_lf.fex,hold_yest,/output/ops/hold_yest.mas
daily_yest_list.fex,/output/OTP_Reports/Daily_Yest_Report_Param/Report_Components/daily_yest_list.fex,daily_ft_data,/output/ops/daily_ft_data.mas
crew_pairing_review_hold_file.fex,/output/OPS_BI_Tool/Flight_Ops_Reports/Monthly_Crew_Pairing/crew_pairing_review_hold_file.fex,pbs_pb,/output/fops/pbs_pb.mas
crew_pairing_review_hold_file.fex,/output/OPS_BI_Tool/Flight_Ops_Reports/Monthly_Crew_Pairing/crew_pairing_review_hold_file.fex,pbs_ps,/output/fops/pbs_ps.mas
bi_tool_dimensions_load.fex,/output/OPS_BI_Tool/Utility_Procedures/bi_tool_dimensions_load.fex,ref_oprn_flight_range,/output/ops/ref_oprn_flight_range.mas
bi_tool_dimensions_load.fex,/output/OPS_BI_Tool/Utility_Procedures/bi_tool_dimensions_load.fex,td_cancel_code_master,/output/ops/td_cancel_code_master.mas
bi_tool_dimensions_load.fex,/output/OPS_BI_Tool/Utility_Procedures/bi_tool_dimensions_load.fex,delay_code_master,/output/ops/delay_code_master.mas
bi_tool_dimensions_load.fex,/output/OPS_BI_Tool/Utility_Procedures/bi_tool_dimensions_load.fex,leg_scheduled,/output/ops/leg_scheduled.mas
bi_tool_dimensions_load.fex,/output/OPS_BI_Tool/Utility_Procedures/bi_tool_dimensions_load.fex,ref_aircraft_td,/output/ops/ref_aircraft_td.mas
bi_tool_dimensions_load.fex,/output/OPS_BI_Tool/Utility_Procedures/bi_tool_dimensions_load.fex,leg_flown,/output/ops/leg_flown.mas
bi_tool_dimensions_load.fex,/output/OPS_BI_Tool/Utility_Procedures/bi_tool_dimensions_load.fex,leg_incident,/output/ops/leg_incident.mas
bi_tool_target_metrics.fex,/output/OPS_BI_Tool/Utility_Procedures/bi_tool_target_metrics.fex,bi_targets_carrier_stn_pawob,/output/ops/bi_targets_carrier_stn_pawob.mas
bi_tool_target_metrics.fex,/output/OPS_BI_Tool/Utility_Procedures/bi_tool_target_metrics.fex,bi_targets_acm_granular,/output/ops/bi_targets_acm_granular.mas
cnx_activity_data_pull.fex,/output/OPS_BI_Tool/Utility_Procedures/cnx_activity_data_pull.fex,v_itinerary_segments,/output/airport/v_itinerary_segments.mas
data_load_realtime.fex,/output/OPS_BI_Tool/Utility_Procedures/data_load_realtime.fex,delay_code_master,/output/ops/delay_code_master.mas
data_load_realtime.fex,/output/OPS_BI_Tool/Utility_Procedures/data_load_realtime.fex,bi_station_master_td,/output/ops/bi_station_master_td.mas
data_load_realtime.fex,/output/OPS_BI_Tool/Utility_Procedures/data_load_realtime.fex,ref_oprn_flight_range,/output/ops/ref_oprn_flight_range.mas
Dynamic_Distribution_List_Backup.fex,/output/ETLs/Dynamic_Distribution_List_Backup/Dynamic_Distribution_List_Backup.fex,report_dist_list,/output//report_dist_list.mas
FOPS_APP_Data_Details.fex,/output/ETLs/FOPS_App/FOPS_APP_Data_Details.fex,pilot_performance_dashboard_data,/output/fops/pilot_performance_dashboard_data.mas
FOPS_APP_Data_Fleet.fex,/output/ETLs/FOPS_App/FOPS_APP_Data_Fleet.fex,pilot_performance_dashboard_data,/output/fops/pilot_performance_dashboard_data.mas
FOPS_APP_Data_System.fex,/output/ETLs/FOPS_App/FOPS_APP_Data_System.fex,pilot_performance_dashboard_data,/output/fops/pilot_performance_dashboard_data.mas
portal_upload_otp_stats_v3.fex,/output/ETLs/Portal_Upload/portal_upload_otp_stats_v3.fex,targets_carrier_system,/output/ops/targets_carrier_system.mas
portal_upload_otp_stats_v3.fex,/output/ETLs/Portal_Upload/portal_upload_otp_stats_v3.fex,dash_data,/output/ops/dash_data.mas
portal_upload_otp_mtd_extract.fex,/output/ETLs/Portal_Upload/portal_upload_otp_mtd_extract.fex,leg_flown,/output/ops/leg_flown.mas
portal_upload_otp_mtd_extract.fex,/output/ETLs/Portal_Upload/portal_upload_otp_mtd_extract.fex,leg_incident,/output/ops/leg_incident.mas
portal_upload_stn_otp_stats_v3.fex,/output/ETLs/Portal_Upload/portal_upload_stn_otp_stats_v3.fex,targets_carrier_citypair,/output/ops/targets_carrier_citypair.mas
portal_upload_stn_otp_stats_v3.fex,/output/ETLs/Portal_Upload/portal_upload_stn_otp_stats_v3.fex,targets_carrier_station,/output/ops/targets_carrier_station.mas
portal_upload_stn_otp_stats_v3.fex,/output/ETLs/Portal_Upload/portal_upload_stn_otp_stats_v3.fex,targets_carrier_system,/output/ops/targets_carrier_system.mas
portal_upload_stn_otp_stats_v3.fex,/output/ETLs/Portal_Upload/portal_upload_stn_otp_stats_v3.fex,dash_data,/output/ops/dash_data.mas
ifg_daily_delays_rep.fex,/output/OTP_Reports/Daily_IFG_Delay_Report/ifg_daily_delays_rep.fex,leg_flown,/output/ops/leg_flown.mas
daily_am_email_td.fex,/output/OTP_Reports/Daily_OTP_AM_Email/daily_am_email_td.fex,leg_flown,/output/ops/leg_flown.mas
daily_am_email_td.fex,/output/OTP_Reports/Daily_OTP_AM_Email/daily_am_email_td.fex,leg_incident,/output/ops/leg_incident.mas
daily_am_email_td.fex,/output/OTP_Reports/Daily_OTP_AM_Email/daily_am_email_td.fex,targets_carrier_system,/output/ops/targets_carrier_system.mas
Daily_Uncoded_Flights.fex,/output/OTP_Reports/Daily_Uncoded_Flights/Daily_Uncoded_Flights.fex,leg_flown,/output/ops/leg_flown.mas
sla_daily_delays_rep.fex,/output/OTP_Reports/Daily_SLA_Delay_Report/sla_daily_delays_rep.fex,leg_flown,/output/ops/leg_flown.mas
portal_upload_otp_stats.fex,/output/ETLs/Portal_Upload/portal_upload_otp_stats.fex,dash_data_sum,/output/ops/dash_data_sum.mas
IFS_500E_VER_data.fex,/output/FOPs_Reports/Flight_Ops_Reports/VER_Reports/IFS_500E_VER_data.fex,cab_crew_pay_500e,/output//cab_crew_pay_500e.mas
IFS_500E_VER_data.fex,/output/FOPs_Reports/Flight_Ops_Reports/VER_Reports/IFS_500E_VER_data.fex,budget_hours_data_ifs,/output/ifs/budget_hours_data_ifs.mas
IFS_500E_VER_data.fex,/output/FOPs_Reports/Flight_Ops_Reports/VER_Reports/IFS_500E_VER_data.fex,budget_dollars_data_ifs,/output/ifs/budget_dollars_data_ifs.mas
IFS_500E_VER_data.fex,/output/FOPs_Reports/Flight_Ops_Reports/VER_Reports/IFS_500E_VER_data.fex,outlook_hours_data_ifs,/output/ifs/outlook_hours_data_ifs.mas
IFS_500E_VER_data.fex,/output/FOPs_Reports/Flight_Ops_Reports/VER_Reports/IFS_500E_VER_data.fex,outlook_dollars_data_ifs,/output/ifs/outlook_dollars_data_ifs.mas
IFS_500E_VER_data.fex,/output/FOPs_Reports/Flight_Ops_Reports/VER_Reports/IFS_500E_VER_data.fex,calendar,/output//calendar.mas
IFS_500E_VER_report.fex,/output/FOPs_Reports/Flight_Ops_Reports/VER_Reports/IFS_500E_VER_report.fex,data_ifs_500e_ttl_hold_08,/output/ops/data_ifs_500e_ttl_hold_08.mas
IFS_500E_VER_report_PLN_ACTL.fex,/output/FOPs_Reports/Flight_Ops_Reports/VER_Reports/IFS_500E_VER_report_PLN_ACTL.fex,data_ifs_500e_ttl_hold_08,/output/ops/data_ifs_500e_ttl_hold_08.mas
dash_data_ETL.fex,/output/OPS_Real-Time_Dashboard/Utility_Procedures/dash_data_ETL.fex,soc_station_dim_c,/output/ops/soc_station_dim_c.mas
dash_data_ETL.fex,/output/OPS_Real-Time_Dashboard/Utility_Procedures/dash_data_ETL.fex,delay_code_master,/output/ops/delay_code_master.mas
dash_data_ETL.fex,/output/OPS_Real-Time_Dashboard/Utility_Procedures/dash_data_ETL.fex,cancel_code_master,/output/ops/cancel_code_master.mas
dash_data_ETL.fex,/output/OPS_Real-Time_Dashboard/Utility_Procedures/dash_data_ETL.fex,ref_oprn_flight_range,/output/ops/ref_oprn_flight_range.mas
dash_data_ETL.fex,/output/OPS_Real-Time_Dashboard/Utility_Procedures/dash_data_ETL.fex,targets_carrier_system,/output/ops/targets_carrier_system.mas
dash_data_ETL.fex,/output/OPS_Real-Time_Dashboard/Utility_Procedures/dash_data_ETL.fex,targets_carrier_citypair,/output/ops/targets_carrier_citypair.mas
dash_data_ETL.fex,/output/OPS_Real-Time_Dashboard/Utility_Procedures/dash_data_ETL.fex,targets_carrier_station,/output/ops/targets_carrier_station.mas
dash_data_ETL.fex,/output/OPS_Real-Time_Dashboard/Utility_Procedures/dash_data_ETL.fex,leg_flown,/output/ops/leg_flown.mas
dash_data_ETL.fex,/output/OPS_Real-Time_Dashboard/Utility_Procedures/dash_data_ETL.fex,hold_station_frequency,/output/ops/hold_station_frequency.mas
dash_data_ETL.fex,/output/OPS_Real-Time_Dashboard/Utility_Procedures/dash_data_ETL.fex,focus_flight_ref_new,/output/ops/focus_flight_ref_new.mas
dash_data.fex,/output/OPS_Real-Time_Dashboard/Utility_Procedures/dash_data.fex,dash_data_regions,/output/ops/dash_data_regions.mas
dash_data_stats.fex,/output/OPS_Real-Time_Dashboard/Utility_Procedures/dash_data_stats.fex,dash_data,/output/ops/dash_data.mas
dash_data_stats.fex,/output/OPS_Real-Time_Dashboard/Utility_Procedures/dash_data_stats.fex,dash_data_top4_stations,/output/ops/dash_data_top4_stations.mas
dash_data_flt_list.fex,/output/OPS_Real-Time_Dashboard/Utility_Procedures/dash_data_flt_list.fex,dash_data,/output/ops/dash_data.mas
dash_data_sum_gdgt.fex,/output/OPS_Real-Time_Dashboard/Utility_Procedures/dash_data_sum_gdgt.fex,targets_carrier_system,/output/ops/targets_carrier_system.mas
dash_data_sum_gdgt.fex,/output/OPS_Real-Time_Dashboard/Utility_Procedures/dash_data_sum_gdgt.fex,targets_carrier_station,/output/ops/targets_carrier_station.mas
dash_data_sum_gdgt.fex,/output/OPS_Real-Time_Dashboard/Utility_Procedures/dash_data_sum_gdgt.fex,targets_carrier_stn_dlycde,/output/ops/targets_carrier_stn_dlycde.mas
dash_data_sum_gdgt.fex,/output/OPS_Real-Time_Dashboard/Utility_Procedures/dash_data_sum_gdgt.fex,targets_acm_granular,/output/ops/targets_acm_granular.mas
dash_data_sum_gdgt.fex,/output/OPS_Real-Time_Dashboard/Utility_Procedures/dash_data_sum_gdgt.fex,hold_dash_mel,/output/ops/hold_dash_mel.mas
dash_data_sum_gdgt.fex,/output/OPS_Real-Time_Dashboard/Utility_Procedures/dash_data_sum_gdgt.fex,dash_data,/output/ops/dash_data.mas
dash_data_sum_gdgt.fex,/output/OPS_Real-Time_Dashboard/Utility_Procedures/dash_data_sum_gdgt.fex,leg_flown,/output/ops/leg_flown.mas
dash_data_sum_gdgt.fex,/output/OPS_Real-Time_Dashboard/Utility_Procedures/dash_data_sum_gdgt.fex,leg_incident,/output/ops/leg_incident.mas
ftw_daily_netline_extract.fex,/output/Misc_Reports/FlightWatch_Reports/ftw_daily_netline_extract.fex,ftw_aircraft_info,/output/ops/ftw_aircraft_info.mas
ftw_daily_netline_extract.fex,/output/Misc_Reports/FlightWatch_Reports/ftw_daily_netline_extract.fex,ftw_wab_pax_wts,/output/ops/ftw_wab_pax_wts.mas
ftw_daily_netline_extract.fex,/output/Misc_Reports/FlightWatch_Reports/ftw_daily_netline_extract.fex,ftw_wab_bag_wts,/output/ops/ftw_wab_bag_wts.mas
ftw_daily_netline_extract.fex,/output/Misc_Reports/FlightWatch_Reports/ftw_daily_netline_extract.fex,ftw_estmtd_bags,/output/ops/ftw_estmtd_bags.mas
ftw_daily_netline_extract.fex,/output/Misc_Reports/FlightWatch_Reports/ftw_daily_netline_extract.fex,leg_scheduled_cabin,/output/ops/leg_scheduled_cabin.mas
ftw_daily_flight_list.fex,/output/Misc_Reports/FlightWatch_Reports/ftw_daily_flight_list.fex,leg_flightwatch,/output/ops/leg_flightwatch.mas
ftw_daily_flight_list.fex,/output/Misc_Reports/FlightWatch_Reports/ftw_daily_flight_list.fex,cnx_in_detail_hold_perm,/output/airport/cnx_in_detail_hold_perm.mas
ftw_daily_flt_val.fex,/output/Misc_Reports/FlightWatch_Reports/ftw_daily_flt_val.fex,ftw_netline_extract,/output/ops/ftw_netline_extract.mas
ftw_daily_flt_val.fex,/output/Misc_Reports/FlightWatch_Reports/ftw_daily_flt_val.fex,leg_flightwatch,/output/ops/leg_flightwatch.mas
ftw_daily_groups_list.fex,/output/Misc_Reports/FlightWatch_Reports/ftw_daily_groups_list.fex,leg_groupwatch,/output/ops/leg_groupwatch.mas
Disruption_Code_Breakdown_Report_v3.fex,/output/Executive_Reports/Disruption_Code_Breakdown_Report/Disruption_Code_Breakdown_Report_v3.fex,leg_flown,/output/ops/leg_flown.mas
Disruption_Code_Breakdown_Report_v3.fex,/output/Executive_Reports/Disruption_Code_Breakdown_Report/Disruption_Code_Breakdown_Report_v3.fex,leg_incident,/output/ops/leg_incident.mas
Weekly_Executive_Branch_Data_v2.fex,/output/Executive_Reports/Weekly_Executive_OPS_Performance_Summary/Weekly_Executive_Branch_Data_v2.fex,calendar,/output//calendar.mas
Weekly_Executive_Branch_Data_v2.fex,/output/Executive_Reports/Weekly_Executive_OPS_Performance_Summary/Weekly_Executive_Branch_Data_v2.fex,ref_oprn_flight_range,/output/ops/ref_oprn_flight_range.mas
Weekly_Executive_Branch_Data_v2.fex,/output/Executive_Reports/Weekly_Executive_OPS_Performance_Summary/Weekly_Executive_Branch_Data_v2.fex,targets_carrier_system,/output/ops/targets_carrier_system.mas
Weekly_Executive_Branch_Data_v2.fex,/output/Executive_Reports/Weekly_Executive_OPS_Performance_Summary/Weekly_Executive_Branch_Data_v2.fex,sita_master_report,/output/airport/sita_master_report.mas
Weekly_Executive_Branch_Data_v2.fex,/output/Executive_Reports/Weekly_Executive_OPS_Performance_Summary/Weekly_Executive_Branch_Data_v2.fex,leg_flown,/output/ops/leg_flown.mas
Weekly_Executive_Branch_Data_v2.fex,/output/Executive_Reports/Weekly_Executive_OPS_Performance_Summary/Weekly_Executive_Branch_Data_v2.fex,leg_incident,/output/ops/leg_incident.mas
Weekly_Executive_Branch_Data_v2.fex,/output/Executive_Reports/Weekly_Executive_OPS_Performance_Summary/Weekly_Executive_Branch_Data_v2.fex,qaprod_bagdeliv_scan,/output/airport/qaprod_bagdeliv_scan.mas
Weekly_Executive_Branch_Data_v2.fex,/output/Executive_Reports/Weekly_Executive_OPS_Performance_Summary/Weekly_Executive_Branch_Data_v2.fex,mel_master_detail,/output/acm/mel_master_detail.mas
Weekly_Executive_Carrier_Summary_v2.fex,/output/Executive_Reports/Weekly_Executive_OPS_Performance_Summary/Weekly_Executive_Carrier_Summary_v2.fex,weekly_exec_ops_perf_summary_data_final,/output/ops/weekly_exec_ops_perf_summary_data_final.mas
Weekly_Executive_Branch_Metrics.fex,/output/Executive_Reports/Weekly_Executive_OPS_Performance_Summary/Weekly_Executive_Branch_Metrics.fex,weekly_exec_ops_perf_summary_data_final,/output/ops/weekly_exec_ops_perf_summary_data_final.mas
Ops_Perf_Data_Extract.fex,/output/OTP_Reports/Weekly_ops_perf/Data_Extract/Ops_Perf_Data_Extract.fex,leg_flown,/output/ops/leg_flown.mas
Ops_Perf_Data_Extract.fex,/output/OTP_Reports/Weekly_ops_perf/Data_Extract/Ops_Perf_Data_Extract.fex,leg_incident,/output/ops/leg_incident.mas
ops_perf_summary_v2.fex,/output/OTP_Reports/Weekly_ops_perf/Report_Components/ops_perf_summary_v2.fex,targets_carrier_system,/output/ops/targets_carrier_system.mas
ops_perf_summary_v2.fex,/output/OTP_Reports/Weekly_ops_perf/Report_Components/ops_perf_summary_v2.fex,targets_carrier_citypair,/output/ops/targets_carrier_citypair.mas
ops_perf_summary_v2.fex,/output/OTP_Reports/Weekly_ops_perf/Report_Components/ops_perf_summary_v2.fex,targets_carrier_station,/output/ops/targets_carrier_station.mas
ops_perf_summary_v2.fex,/output/OTP_Reports/Weekly_ops_perf/Report_Components/ops_perf_summary_v2.fex,ops_perf_data_mtd_flights_hold,/output/ops/ops_perf_data_mtd_flights_hold.mas
ops_perf_summary_v2.fex,/output/OTP_Reports/Weekly_ops_perf/Report_Components/ops_perf_summary_v2.fex,ops_perf_data_irrops_hold,/output/ops/ops_perf_data_irrops_hold.mas
ops_perf_summary_v2.fex,/output/OTP_Reports/Weekly_ops_perf/Report_Components/ops_perf_summary_v2.fex,ops_perf_data_top4_stn_hold,/output/ops/ops_perf_data_top4_stn_hold.mas
ops_perf_HUB.fex,/output/OTP_Reports/Weekly_ops_perf/Report_Components/ops_perf_HUB.fex,leg_flown,/output/ops/leg_flown.mas
ops_perf_monitor.fex,/output/OTP_Reports/Weekly_ops_perf/Report_Components/ops_perf_monitor.fex,ops_perf_data_mtd_flights_hold,/output/ops/ops_perf_data_mtd_flights_hold.mas
ops_perf_daily.fex,/output/OTP_Reports/Weekly_ops_perf/Report_Components/ops_perf_daily.fex,leg_incident,/output/ops/leg_incident.mas
ops_perf_dv.fex,/output/OTP_Reports/Weekly_ops_perf/Report_Components/ops_perf_dv.fex,leg_flown,/output/ops/leg_flown.mas
ops_perf_delays_over_3hrs.fex,/output/OTP_Reports/Weekly_ops_perf/Report_Components/ops_perf_delays_over_3hrs.fex,leg_flown,/output/ops/leg_flown.mas
ops_perf_startup_dly_breakdown.fex,/output/OTP_Reports/Weekly_ops_perf/Report_Components/ops_perf_startup_dly_breakdown.fex,leg_flown,/output/ops/leg_flown.mas
jazz_ftp_cnl_flts.fex,/output/ETLs/JAZZ_FTP_Cancelled_Flights/jazz_ftp_cnl_flts.fex,leg_incident,/output/ops/leg_incident.mas
jazz_ftp_operated_flts.fex,/output/ETLs/JAZZ_FTP_Operated_Flights/jazz_ftp_operated_flts.fex,leg_flown,/output/ops/leg_flown.mas
OMI_Daily_Snapshot_Report.fex,/output/SR4/OMI_Reports/OMI_Daily_Snapshot_Report.fex,omi_snapshot_master,/output/acm/omi_snapshot_master.mas
OMI_Daily_Snapshot_Report.fex,/output/SR4/OMI_Reports/OMI_Daily_Snapshot_Report.fex,omi_snapshot_details,/output/acm/omi_snapshot_details.mas
OMI_Contribution_Report.fex,/output/SR4/OMI_Reports/OMI_Contribution_Report.fex,acm_station_master,/output/acm/acm_station_master.mas
acf_excel.fex,/output/Fuel_Reports/Contingency_Fuel_Stats/acf_excel.fex,acf_future_data_hold_03,/output/fops/acf_future_data_hold_03.mas
acf_data.fex,/output/Fuel_Reports/Contingency_Fuel_Stats/acf_data.fex,acf_hist_data_hold_1,/output/ops/acf_hist_data_hold_1.mas
acf_data.fex,/output/Fuel_Reports/Contingency_Fuel_Stats/acf_data.fex,acf_hist_data_hold_2,/output/ops/acf_hist_data_hold_2.mas
acf_data.fex,/output/Fuel_Reports/Contingency_Fuel_Stats/acf_data.fex,acft_perf_type,/output/ops/acft_perf_type.mas
acf_data.fex,/output/Fuel_Reports/Contingency_Fuel_Stats/acf_data.fex,acf_future_data_hold_03_1,/output/ops/acf_future_data_hold_03_1.mas
acf_data.fex,/output/Fuel_Reports/Contingency_Fuel_Stats/acf_data.fex,acf_threshold_ref,/output/ops/acf_threshold_ref.mas
acf_data.fex,/output/Fuel_Reports/Contingency_Fuel_Stats/acf_data.fex,acf_future_data_hold_03_2,/output/ops/acf_future_data_hold_03_2.mas
acf_tab_dlmtd.fex,/output/Fuel_Reports/Contingency_Fuel_Stats/acf_tab_dlmtd.fex,acf_future_data_hold_03,/output/fops/acf_future_data_hold_03.mas
Crew_Activity_Pay_Report.fex,/output/FOPs_Reports/Crew_Activity_Pay_Report/Crew_Activity_Pay_Report.fex,ac_crew_activity_pay_det_agg,/output/fops/ac_crew_activity_pay_det_agg.mas
aircom_extract.fex,/output/ETLs/AIRCOM_ETLs/aircom_extract.fex,logt,/output/ops/logt.mas
aircom_extract_tdx.fex,/output/ETLs/AIRCOM_ETLs/aircom_extract_tdx.fex,logt,/output/ops/logt.mas
daily_cumulative_aims_msg_extract.fex,/output/ETLs/Daily_APM_Reports/daily_cumulative_aims_msg_extract.fex,logt,/output/ops/logt.mas
fops_daily_rsv_stats.fex,/output/FOPs_Reports/FOPS_Daily_Reserve_Stats/fops_daily_rsv_stats.fex,fops_xcrew_crm_home_base,/output/fops/fops_xcrew_crm_home_base.mas
fops_daily_rsv_stats.fex,/output/FOPs_Reports/FOPS_Daily_Reserve_Stats/fops_daily_rsv_stats.fex,fops_xcrew_qualification,/output/fops/fops_xcrew_qualification.mas
fops_daily_rsv_stats.fex,/output/FOPs_Reports/FOPS_Daily_Reserve_Stats/fops_daily_rsv_stats.fex,fops_xcrew_rank,/output/fops/fops_xcrew_rank.mas
fops_daily_rsv_stats.fex,/output/FOPs_Reports/FOPS_Daily_Reserve_Stats/fops_daily_rsv_stats.fex,fops_xcrew_personal_period,/output/fops/fops_xcrew_personal_period.mas
forecast_bags.fex,/output/Baggage_Reports/Forecast_Baggage_Daily/forecast_bags.fex,v_itinerary_segments,/output/airport/v_itinerary_segments.mas
forecast_bags.fex,/output/Baggage_Reports/Forecast_Baggage_Daily/forecast_bags.fex,ftw_estmtd_bags,/output/ops/ftw_estmtd_bags.mas
ifs_open_time_pairings.fex,/output/IFS_Reports/IFS_Daily_Open_Pairings/ifs_open_time_pairings.fex,ifs_xcrew_chain_daily,/output/ifs/ifs_xcrew_chain_daily.mas
ifs_daily_rsv_stats.fex,/output/IFS_Reports/IFS_Daily_Reserve_Stats/ifs_daily_rsv_stats.fex,ifs_xcrew_personal_period,/output/ifs/ifs_xcrew_personal_period.mas
ifs_daily_rsv_stats.fex,/output/IFS_Reports/IFS_Daily_Reserve_Stats/ifs_daily_rsv_stats.fex,ifs_xcrew_crm_home_base,/output/ifs/ifs_xcrew_crm_home_base.mas
ifs_daily_rsv_stats.fex,/output/IFS_Reports/IFS_Daily_Reserve_Stats/ifs_daily_rsv_stats.fex,ifs_xcrew_qualification,/output/ifs/ifs_xcrew_qualification.mas
intl_otp_data_extract.fex,/output/OTP_Reports/China_ARR_and_DEP/intl_otp_data_extract.fex,leg_flown,/output/ops/leg_flown.mas
intl_otp_data_extract.fex,/output/OTP_Reports/China_ARR_and_DEP/intl_otp_data_extract.fex,leg_incident,/output/ops/leg_incident.mas
intl_otp_data_extract.fex,/output/OTP_Reports/China_ARR_and_DEP/intl_otp_data_extract.fex,targets_carrier_station,/output/ops/targets_carrier_station.mas
intl_otp_data_extract.fex,/output/OTP_Reports/China_ARR_and_DEP/intl_otp_data_extract.fex,targets_carrier_citypair,/output/ops/targets_carrier_citypair.mas
intl_otp_carrier_summary.fex,/output/OTP_Reports/China_ARR_and_DEP/intl_otp_carrier_summary.fex,intl_otp_hold_all,/output/ops/intl_otp_hold_all.mas
intl_otp_region_summary.fex,/output/OTP_Reports/China_ARR_and_DEP/intl_otp_region_summary.fex,intl_otp_hold_all,/output/ops/intl_otp_hold_all.mas
intl_otp_station_summary.fex,/output/OTP_Reports/China_ARR_and_DEP/intl_otp_station_summary.fex,intl_otp_hold_all,/output/ops/intl_otp_hold_all.mas
intl_otp_flight_details.fex,/output/OTP_Reports/China_ARR_and_DEP/intl_otp_flight_details.fex,leg_flown,/output/ops/leg_flown.mas
Jetz_Daily_OTP_Report.fex,/output/OTP_Reports/Jetz_Daily_OTP_Report/Jetz_Daily_OTP_Report.fex,bi_leg_flown,/output/ops/bi_leg_flown.mas
sita_PAWOB_Weekly.fex,/output/Baggage_Reports/PAWOB_MTD_YTD/sita_PAWOB_Weekly.fex,sita_master_report,/output/airport/sita_master_report.mas
sita_PAWOB_Weekly.fex,/output/Baggage_Reports/PAWOB_MTD_YTD/sita_PAWOB_Weekly.fex,lvl0,/output/ops/lvl0.mas
sita_PAWOB_Weekly.fex,/output/Baggage_Reports/PAWOB_MTD_YTD/sita_PAWOB_Weekly.fex,all_data,/output/ops/all_data.mas
sita_PAWOB_Weekly.fex,/output/Baggage_Reports/PAWOB_MTD_YTD/sita_PAWOB_Weekly.fex,pawob_all_graph_data1,/output/ops/pawob_all_graph_data1.mas
sita_PAWOB_Weekly.fex,/output/Baggage_Reports/PAWOB_MTD_YTD/sita_PAWOB_Weekly.fex,pwt_graph,/output/ops/pwt_graph.mas
PilotSupervisorsUtilization.fex,/output/FOPs_Reports/FOPS_Metrics/PilotSupervisorsUtilization.fex,fops_xcrew_crm_add_qual,/output/fops/fops_xcrew_crm_add_qual.mas
PilotSupervisorsUtilization.fex,/output/FOPs_Reports/FOPS_Metrics/PilotSupervisorsUtilization.fex,fops_xcrew_duty,/output/fops/fops_xcrew_duty.mas
PilotSupervisorsUtilization.fex,/output/FOPs_Reports/FOPS_Metrics/PilotSupervisorsUtilization.fex,fops_xcrew_chain_daily,/output/fops/fops_xcrew_chain_daily.mas
PQRMcode_partI.fex,/output/FOPs_Reports/Flight_Ops_Reports/IOE_Tracking/PQRMcode_partI.fex,calendar,/output//calendar.mas
PQRMcode_partII.fex,/output/FOPs_Reports/Flight_Ops_Reports/IOE_Tracking/PQRMcode_partII.fex,transition_pilots_hld1,/output/fops/transition_pilots_hld1.mas
PQRMcode_partII.fex,/output/FOPs_Reports/Flight_Ops_Reports/IOE_Tracking/PQRMcode_partII.fex,transition_pilots_hold_final,/output/fops/transition_pilots_hold_final.mas
GH_PAWOB_SITA.fex,/output/Baggage_Reports/PAWOB_GH_Monthly/GH_PAWOB_SITA.fex,sita_file,/output/airport/sita_file.mas
GH_PAWOB_SITA.fex,/output/Baggage_Reports/PAWOB_GH_Monthly/GH_PAWOB_SITA.fex,leg_flown,/output/ops/leg_flown.mas
Ops_Summary_Data_Extract.fex,/output/OTP_Reports/Daily_Carrier_OPS_Summary/Data_Extract/Ops_Summary_Data_Extract.fex,leg_flown,/output/ops/leg_flown.mas
Ops_Summary_Data_Extract.fex,/output/OTP_Reports/Daily_Carrier_OPS_Summary/Data_Extract/Ops_Summary_Data_Extract.fex,leg_incident,/output/ops/leg_incident.mas
Ops_Summary_Data_Extract.fex,/output/OTP_Reports/Daily_Carrier_OPS_Summary/Data_Extract/Ops_Summary_Data_Extract.fex,station_master,/output/ops/station_master.mas
Ops_Summary_Summary_v2.fex,/output/OTP_Reports/USA_Daily_OPS_Summary/Ops_Summary_Summary_v2.fex,targets_carrier_system,/output/ops/targets_carrier_system.mas
Ops_Summary_Summary_v2.fex,/output/OTP_Reports/USA_Daily_OPS_Summary/Ops_Summary_Summary_v2.fex,targets_carrier_citypair,/output/ops/targets_carrier_citypair.mas
Ops_Summary_Summary_v2.fex,/output/OTP_Reports/USA_Daily_OPS_Summary/Ops_Summary_Summary_v2.fex,targets_carrier_station,/output/ops/targets_carrier_station.mas
Ops_Summary_Summary_v2.fex,/output/OTP_Reports/USA_Daily_OPS_Summary/Ops_Summary_Summary_v2.fex,scor_data_mtd_flights_hold,/output/ops/scor_data_mtd_flights_hold.mas
Ops_Summary_IRROPS_v2.fex,/output/OTP_Reports/USA_Daily_OPS_Summary/Ops_Summary_IRROPS_v2.fex,targets_carrier_system,/output/ops/targets_carrier_system.mas
Ops_Summary_IRROPS_v2.fex,/output/OTP_Reports/USA_Daily_OPS_Summary/Ops_Summary_IRROPS_v2.fex,targets_carrier_citypair,/output/ops/targets_carrier_citypair.mas
Ops_Summary_IRROPS_v2.fex,/output/OTP_Reports/USA_Daily_OPS_Summary/Ops_Summary_IRROPS_v2.fex,scor_data_mtd_flights_hold,/output/ops/scor_data_mtd_flights_hold.mas
Ops_Summary_IRROPS_v2.fex,/output/OTP_Reports/USA_Daily_OPS_Summary/Ops_Summary_IRROPS_v2.fex,scor_data_irrops_hold,/output/ops/scor_data_irrops_hold.mas
Ops_Summary_CNLS.fex,/output/OTP_Reports/USA_Daily_OPS_Summary/Ops_Summary_CNLS.fex,scor_data_mtd_flights_hold,/output/ops/scor_data_mtd_flights_hold.mas
Ops_Summary_PAX.fex,/output/OTP_Reports/USA_Daily_OPS_Summary/Ops_Summary_PAX.fex,scor_data_mtd_flights_hold,/output/ops/scor_data_mtd_flights_hold.mas
Ops_Summary_Delays_Most_Common.fex,/output/OTP_Reports/USA_Daily_OPS_Summary/Ops_Summary_Delays_Most_Common.fex,targets_carrier_stn_dly_cde,/output/ops/targets_carrier_stn_dly_cde.mas
Ops_Summary_Delays_Most_Common.fex,/output/OTP_Reports/USA_Daily_OPS_Summary/Ops_Summary_Delays_Most_Common.fex,scor_data_mtd_flights_hold,/output/ops/scor_data_mtd_flights_hold.mas
Ops_Summary_Delays_Less_Common.fex,/output/OTP_Reports/USA_Daily_OPS_Summary/Ops_Summary_Delays_Less_Common.fex,targets_carrier_stn_dly_cde,/output/ops/targets_carrier_stn_dly_cde.mas
Ops_Summary_Delays_Less_Common.fex,/output/OTP_Reports/USA_Daily_OPS_Summary/Ops_Summary_Delays_Less_Common.fex,scor_data_mtd_flights_hold,/output/ops/scor_data_mtd_flights_hold.mas
Ops_Summary_Delays_Uncontrollable.fex,/output/OTP_Reports/USA_Daily_OPS_Summary/Ops_Summary_Delays_Uncontrollable.fex,targets_carrier_stn_dly_cde,/output/ops/targets_carrier_stn_dly_cde.mas
Ops_Summary_Delays_Uncontrollable.fex,/output/OTP_Reports/USA_Daily_OPS_Summary/Ops_Summary_Delays_Uncontrollable.fex,scor_data_mtd_flights_hold,/output/ops/scor_data_mtd_flights_hold.mas
soc_irrop_report_01_downgauges_v2.fex,/output/OTP_Reports/QK_IRROP_Report/soc_irrop_report_01_downgauges_v2.fex,leg_book_cnt,/output/ops/leg_book_cnt.mas
soc_irrop_report_01_downgauges_v2.fex,/output/OTP_Reports/QK_IRROP_Report/soc_irrop_report_01_downgauges_v2.fex,leg_flown,/output/ops/leg_flown.mas
soc_irrop_report_00_upgauges_v2.fex,/output/OTP_Reports/QK_IRROP_Report/soc_irrop_report_00_upgauges_v2.fex,leg_flown,/output/ops/leg_flown.mas
soc_irrop_report_00_upgauges_v2.fex,/output/OTP_Reports/QK_IRROP_Report/soc_irrop_report_00_upgauges_v2.fex,leg_incident,/output/ops/leg_incident.mas
soc_irrop_report_00_upgauges_v2.fex,/output/OTP_Reports/QK_IRROP_Report/soc_irrop_report_00_upgauges_v2.fex,leg_book_cnt,/output/ops/leg_book_cnt.mas
soc_irrop_report_02_cancellations.fex,/output/OTP_Reports/QK_IRROP_Report/soc_irrop_report_02_cancellations.fex,leg_incident,/output/ops/leg_incident.mas
soc_irrop_report_03_long_delays.fex,/output/OTP_Reports/QK_IRROP_Report/soc_irrop_report_03_long_delays.fex,leg_flown,/output/ops/leg_flown.mas
soc_irrop_report_04_fin_changes.fex,/output/OTP_Reports/QK_IRROP_Report/soc_irrop_report_04_fin_changes.fex,leg_flown,/output/ops/leg_flown.mas
PAL_Block_Hours_Report.fex,/output/Misc_Reports/PAL_Block_Hours_Report/PAL_Block_Hours_Report.fex,leg_flown,/output/ops/leg_flown.mas
sita_PAWOB_Monthly.fex,/output/Baggage_Reports/PAWOB_MTD_YTD/sita_PAWOB_Monthly.fex,sita_master_report,/output/airport/sita_master_report.mas
sita_PAWOB_Monthly.fex,/output/Baggage_Reports/PAWOB_MTD_YTD/sita_PAWOB_Monthly.fex,lvl0,/output/ops/lvl0.mas
sita_PAWOB_Monthly.fex,/output/Baggage_Reports/PAWOB_MTD_YTD/sita_PAWOB_Monthly.fex,all_data,/output/ops/all_data.mas
sita_PAWOB_Monthly.fex,/output/Baggage_Reports/PAWOB_MTD_YTD/sita_PAWOB_Monthly.fex,pawob_all_graph_data1,/output/ops/pawob_all_graph_data1.mas
sita_PAWOB_Monthly.fex,/output/Baggage_Reports/PAWOB_MTD_YTD/sita_PAWOB_Monthly.fex,pwt_graph_mnth,/output/ops/pwt_graph_mnth.mas
sita_PAWOB_Yearly.fex,/output/Baggage_Reports/PAWOB_MTD_YTD/sita_PAWOB_Yearly.fex,sita_master_report,/output/airport/sita_master_report.mas
sita_PAWOB_Yearly.fex,/output/Baggage_Reports/PAWOB_MTD_YTD/sita_PAWOB_Yearly.fex,lvl0,/output/ops/lvl0.mas
sita_PAWOB_Yearly.fex,/output/Baggage_Reports/PAWOB_MTD_YTD/sita_PAWOB_Yearly.fex,all_data,/output/ops/all_data.mas
sita_PAWOB_Yearly.fex,/output/Baggage_Reports/PAWOB_MTD_YTD/sita_PAWOB_Yearly.fex,pawob_all_graph_data1,/output/ops/pawob_all_graph_data1.mas
sita_PAWOB_Yearly.fex,/output/Baggage_Reports/PAWOB_MTD_YTD/sita_PAWOB_Yearly.fex,pwt_graph_mnth,/output/ops/pwt_graph_mnth.mas
station_gating_compliance_west.fex,/output/Station_Reports/Station_Gate_Compliance/station_gating_compliance_west.fex,leg_flown,/output/ops/leg_flown.mas
us_station_delay_sum.fex,/output/Station_Reports/US_Station/us_station_delay_sum.fex,leg_flown,/output/ops/leg_flown.mas
us_station_delay_sum.fex,/output/Station_Reports/US_Station/us_station_delay_sum.fex,leg_incident,/output/ops/leg_incident.mas
us_station_delay_sum.fex,/output/Station_Reports/US_Station/us_station_delay_sum.fex,hold_arr_stn2,/output/ops/hold_arr_stn2.mas
us_station_delay_grph.fex,/output/Station_Reports/US_Station/us_station_delay_grph.fex,hold_arr_stn2,/output/ops/hold_arr_stn2.mas
us_station_sum_monthly.fex,/output/Station_Reports/US_Station/us_station_sum_monthly.fex,leg_flown,/output/ops/leg_flown.mas
us_station_sum_monthly.fex,/output/Station_Reports/US_Station/us_station_sum_monthly.fex,leg_incident,/output/ops/leg_incident.mas
AC_Express_Operational_Summary.fex,/output/OTP_Reports/AC_Express_Operational_Summary/AC_Express_Operational_Summary.fex,oper_perf_summary_data,/output/ops/oper_perf_summary_data.mas
AC_Express_Operational_Summary.fex,/output/OTP_Reports/AC_Express_Operational_Summary/AC_Express_Operational_Summary.fex,oper_perf_summary_data_dly_codes,/output/ops/oper_perf_summary_data_dly_codes.mas
ftw_weekly_flight_list.fex,/output/Misc_Reports/FlightWatch_Reports/ftw_weekly_flight_list.fex,leg_flightwatch,/output/ops/leg_flightwatch.mas
ftw_weekly_groups_list.fex,/output/Misc_Reports/FlightWatch_Reports/ftw_weekly_groups_list.fex,leg_groupwatch,/output/ops/leg_groupwatch.mas
ftw_weekly_wab_list.fex,/output/Misc_Reports/FlightWatch_Reports/ftw_weekly_wab_list.fex,leg_flightwatch,/output/ops/leg_flightwatch.mas
ftw_weekly_wab_list.fex,/output/Misc_Reports/FlightWatch_Reports/ftw_weekly_wab_list.fex,ftw_netline_extract,/output/ops/ftw_netline_extract.mas
ftw_weekly_netline_extract.fex,/output/Misc_Reports/FlightWatch_Reports/ftw_weekly_netline_extract.fex,ftw_estmtd_bags,/output/ops/ftw_estmtd_bags.mas
ftw_weekly_netline_extract.fex,/output/Misc_Reports/FlightWatch_Reports/ftw_weekly_netline_extract.fex,ftw_wab_pax_wts,/output/ops/ftw_wab_pax_wts.mas
ftw_weekly_netline_extract.fex,/output/Misc_Reports/FlightWatch_Reports/ftw_weekly_netline_extract.fex,ftw_wab_bag_wts,/output/ops/ftw_wab_bag_wts.mas
ftw_weekly_netline_extract.fex,/output/Misc_Reports/FlightWatch_Reports/ftw_weekly_netline_extract.fex,ftw_aircraft_info,/output/ops/ftw_aircraft_info.mas
SITA_mtd_PAWOB_CPA.fex,/output/Compliance_Reports/CPA_Report_Monthly/SITA_mtd_PAWOB_CPA.fex,sita_file,/output/airport/sita_file.mas
SITA_mtd_PAWOB_CPA.fex,/output/Compliance_Reports/CPA_Report_Monthly/SITA_mtd_PAWOB_CPA.fex,calendar,/output//calendar.mas
SITA_mtd_PAWOB_CPA.fex,/output/Compliance_Reports/CPA_Report_Monthly/SITA_mtd_PAWOB_CPA.fex,targets_pawob_stn,/output/ops/targets_pawob_stn.mas
SITA_mtd_PAWOB_CPA.fex,/output/Compliance_Reports/CPA_Report_Monthly/SITA_mtd_PAWOB_CPA.fex,leg_flown,/output/ops/leg_flown.mas
YTZ_Daily_Flight_Details.fex,/output/Station_Reports/YTZ_Daily_Flight_Details/YTZ_Daily_Flight_Details.fex,leg_flown,/output/ops/leg_flown.mas
yyz_cnx_pawob_breakdown_SITA.fex,/output/Baggage_Reports/YYZ_CNX_PAWOB_breakdown/yyz_cnx_pawob_breakdown_SITA.fex,sita_file_psgr_flight_leg,/output/airport/sita_file_psgr_flight_leg.mas
yyz_cnx_pawob_breakdown_SITA.fex,/output/Baggage_Reports/YYZ_CNX_PAWOB_breakdown/yyz_cnx_pawob_breakdown_SITA.fex,sita_file,/output/airport/sita_file.mas
baggage_performace_overall.fex,/output/Baggage_Reports/Baggage_Performance_by_Station/baggage_performace_overall.fex,soc_station_dim_c,/output/ops/soc_station_dim_c.mas
CPA_MNTHLY_REPORT.fex,/output/Compliance_Reports/CPA_Report_Monthly/CPA_MNTHLY_REPORT.fex,claim,/output/airport/claim.mas
CPA_MNTHLY_REPORT.fex,/output/Compliance_Reports/CPA_Report_Monthly/CPA_MNTHLY_REPORT.fex,calendar,/output//calendar.mas
CPA_MNTHLY_REPORT.fex,/output/Compliance_Reports/CPA_Report_Monthly/CPA_MNTHLY_REPORT.fex,targets_pawob_stn,/output/ops/targets_pawob_stn.mas
CPA_MNTHLY_REPORT.fex,/output/Compliance_Reports/CPA_Report_Monthly/CPA_MNTHLY_REPORT.fex,leg_flown,/output/ops/leg_flown.mas
crewfops_radiation_report.fex,/output/IFS_Reports/Crew_Radiation/crewfops_radiation_report.fex,fops_xcrew_crew_member,/output/fops/fops_xcrew_crew_member.mas
fops_blockoverfly_underfly.fex,/output/FOPs_Reports/FOPS_Blockoverfly_monthly_report/fops_blockoverfly_underfly.fex,fops_blk_month,/output/fops/fops_blk_month.mas
FOPS_Synthetics.fex,/output/FOPs_Reports/FOPS_Metrics/FOPS_Synthetics.fex,pbs_pb,/output/fops/pbs_pb.mas
FOPS_Synthetics.fex,/output/FOPs_Reports/FOPS_Metrics/FOPS_Synthetics.fex,pbs_pb_dpg_dea_thg_hold,/output/fops/pbs_pb_dpg_dea_thg_hold.mas
FOPS_Synthetics.fex,/output/FOPs_Reports/FOPS_Metrics/FOPS_Synthetics.fex,pbs_ps,/output/fops/pbs_ps.mas
FOPS_Synthetics.fex,/output/FOPs_Reports/FOPS_Metrics/FOPS_Synthetics.fex,pbs_ss_si_hold_all_temp,/output/fops/pbs_ss_si_hold_all_temp.mas
ifs_blocktime_citypair.fex,/output/IFS_Reports/IFS_Block_Time_Report/ifs_blocktime_citypair.fex,leg_flown,/output/ops/leg_flown.mas
Crew_Absence_Report.fex,/output/FOPs_Reports/FOPS_NLCREW_ABSCENCE_REPORT/Crew_Absence_Report.fex,fops_blk_month,/output/fops/fops_blk_month.mas
Crew_Absence_Report.fex,/output/FOPs_Reports/FOPS_NLCREW_ABSCENCE_REPORT/Crew_Absence_Report.fex,calendar,/output//calendar.mas
monthly_ferry_flight_report.fex,/output/OTP_Reports/Monthly_Ferry_Flight_Report/monthly_ferry_flight_report.fex,leg_flown,/output/ops/leg_flown.mas
Weekly_CNLs_YoY_Report_v2.fex,/output/Executive_Reports/Weekly_CNLs_YoY_Report/Weekly_CNLs_YoY_Report_v2.fex,leg_flown,/output/ops/leg_flown.mas
Weekly_CNLs_YoY_Report_v2.fex,/output/Executive_Reports/Weekly_CNLs_YoY_Report/Weekly_CNLs_YoY_Report_v2.fex,leg_incident,/output/ops/leg_incident.mas
portal_acm_data_add.fex,/output/ETLs/Portal_Upload/portal_acm_data_add.fex,targets_carrier_system,/output/ops/targets_carrier_system.mas
portal_acm_data_add.fex,/output/ETLs/Portal_Upload/portal_acm_data_add.fex,mel_master_detail,/output/acm/mel_master_detail.mas
portal_upload_stn_otp_stats_acm.fex,/output/ETLs/Portal_Upload/portal_upload_stn_otp_stats_acm.fex,dash_data,/output/ops/dash_data.mas
portal_upload_stn_otp_stats_acm.fex,/output/ETLs/Portal_Upload/portal_upload_stn_otp_stats_acm.fex,dash_data_sum,/output/ops/dash_data_sum.mas
portal_upload_stn_otp_stats_acm_working.fex,/output/ETLs/Portal_Upload/portal_upload_stn_otp_stats_acm_working.fex,calendar,/output//calendar.mas
portal_upload_stn_otp_stats_acm_working.fex,/output/ETLs/Portal_Upload/portal_upload_stn_otp_stats_acm_working.fex,targets_carrier_stn_dlycde,/output/ops/targets_carrier_stn_dlycde.mas
portal_upload_stn_otp_stats_acm_working.fex,/output/ETLs/Portal_Upload/portal_upload_stn_otp_stats_acm_working.fex,leg_flown,/output/ops/leg_flown.mas
Air_Canada_YYZ_OTP_-_A15_and_D15.fex,/output/Station_Reports/Air_Canada_YYZ_OTP_-_A15_D15/Air_Canada_YYZ_OTP_-_A15_and_D15.fex,leg_flown,/output/ops/leg_flown.mas
slvwyegitd24hourforecast.fex,/output/SLVW_ITD_YVR/slvwyegitd24hourforecast.fex,v_itinerary_segments,/output/airport/v_itinerary_segments.mas
slvwyhzitd24hourforecast.fex,/output/SLVW_ITD_YVR/slvwyhzitd24hourforecast.fex,v_itinerary_segments,/output/airport/v_itinerary_segments.mas
slvwyulitd24hourforecast.fex,/output/SLVW_ITD_YVR/slvwyulitd24hourforecast.fex,v_itinerary_segments,/output/airport/v_itinerary_segments.mas
slvwyvritd24hourforecast.fex,/output/SLVW_ITD_YVR/slvwyvritd24hourforecast.fex,v_itinerary_segments,/output/airport/v_itinerary_segments.mas
slvwyycitd24hourforecast.fex,/output/SLVW_ITD_YVR/slvwyycitd24hourforecast.fex,v_itinerary_segments,/output/airport/v_itinerary_segments.mas
slvw_yyz_itd_24hour_forecast.fex,/output/SLVW_ITD_YVR/slvw_yyz_itd_24hour_forecast.fex,v_itinerary_segments,/output/airport/v_itinerary_segments.mas
nick_rouge_station_delays_leg_flown1.fex,/output/MTA_Daily_YYZ/nick_rouge_station_delays_leg_flown1.fex,targets_carrier_station,/output/ops/targets_carrier_station.mas
nick_rouge_station_delays_leg_flown1.fex,/output/MTA_Daily_YYZ/nick_rouge_station_delays_leg_flown1.fex,leg_flown,/output/ops/leg_flown.mas
catsa_security_delays.fex,/output/SEC_Weekly_delays/catsa_security_delays.fex,leg_flown,/output/ops/leg_flown.mas
LHR_CKI_billing_extract.fex,/output/Salesview_Reports/LHR_CKI_billing_extract.fex,v_passengers_hdbk_gross,/output/airport/v_passengers_hdbk_gross.mas
