Master Name,created by proc OBJURL
hold_arr_stn2,/output/Station_Reports/US_Station/us_station_delay_sum.fex
scor_data_mtd_flights_hold,/output/OTP_Reports/Daily_Carrier_OPS_Summary/Data_Extract/Ops_Summary_Data_Extract.fex
scor_data_mtd_flights_hold,/output/Remediated_Reports/Daily_Carrier_OPS_Summary/Data_Extract/Ops_Summary_Data_Extract.fex
acf_hist_data_hold_2,/output/Fuel_Reports/Contingency_Fuel_Stats/acf_data.fex
scor_data_irrops_hold,/output/OTP_Reports/Daily_Carrier_OPS_Summary/Data_Extract/Ops_Summary_Data_Extract.fex
scor_data_irrops_hold,/output/Remediated_Reports/Daily_Carrier_OPS_Summary/Data_Extract/Ops_Summary_Data_Extract.fex
oper_perf_summary_data_aog,/output/ETLs/OPR_Data/oper_perf_summary_data_mtc.fex
oper_perf_summary_data_aog,/output/Remediated_Reports/OPR_Data/oper_perf_summary_data_mtc.fex
pawob_all_graph_data1,/output/Baggage_Reports/PAWOB_MTD_YTD/PAWOB-GraphGen.fex
dash_data,/output/OPS_Real-Time_Dashboard/Utility_Procedures/dash_data.fex
cnx_in_detail_hold_perm,/output/OPS_BI_Tool/Utility_Procedures/cnx_activity_data_pull.fex
pawob_mtd_file_hld,/output/OTP_Reports/Tier_2_and_3_Carrier_OPR_Report/wor02_03_graph_06_pawob.fex
pawob_mtd_file_hld,/output/Baggage_Reports/PAWOB_MTD_YTD/PAWOB-GraphGen.fex
all_graph_data_cy,/output/Baggage_Reports/PAWOB_MTD_YTD/PAWOB-GraphGen.fex
ftw_netline_extract,/output/Misc_Reports/FlightWatch_Reports/ftw_daily_netline_extract.fex
ftw_netline_extract,/output/Misc_Reports/FlightWatch_Reports/ftw_weekly_netline_extract.fex
chain_sum_hold,/output/ETLs/OPR_Data/oper_perf_summary_data_fin_perf.fex
chain_sum_hold,/output/Remediated_Reports/OPR_Data/oper_perf_summary_data_fin_perf.fex
chain_sum_hold,/output/Remediated_Reports/OPR_Data/oper_perf_summary_data_fin_perf_bkp20230623.fex
pawob_main_region_hld1,/output/Baggage_Reports/PAWOB_MTD_YTD/PAWOB-GraphGen.fex
pilot_performance_dashboard_data,/output/FOPs_Reports/Flight_Ops_Reports/FOPS_App/FOPS_APP_Data.fex
pilot_performance_dashboard_data,/output/ETLs/FOPS_App/FOPS_APP_Data.fex
oper_perf_summary_data_high_impact_delays,/output/ETLs/OPR_Data/oper_perf_summary_data_high_impact_delays.fex
oper_perf_summary_data_high_impact_delays,/output/Remediated_Reports/OPR_Data/oper_perf_summary_data_high_impact_delays.fex
oper_perf_summary_data_fuel_2,/output/ETLs/OPR_Data/oper_perf_summary_data_fuel_2.fex
oper_perf_summary_data_fuel_2,/output/Remediated_Reports/OPR_Data/oper_perf_summary_data_fuel_2.fex
oper_perf_summary_data_hub_thruput,/output/ETLs/OPR_Data/oper_perf_summary_data_hub_thruput.fex
oper_perf_summary_data_hub_thruput,/output/Remediated_Reports/OPR_Data/oper_perf_summary_data_hub_thruput.fex
oper_perf_summary_data_mel,/output/ETLs/OPR_Data/oper_perf_summary_data_mel.fex
oper_perf_summary_data_mel,/output/Remediated_Reports/OPR_Data/oper_perf_summary_data_mel.fex
intl_otp_hold_all,/output/OTP_Reports/China_ARR_and_DEP/intl_otp_data_extract.fex
transition_pilots_hld1,/output/FOPs_Reports/IOE_Tracking/PQRMcode_partI.fex
transition_pilots_hld1,/output/FOPs_Reports/Flight_Ops_Reports/IOE_Tracking/PQRMcode_partI.fex
ops_data_calendar_hold_05,/output/ETLs/OPR_Data/oper_perf_summary_data_calendar.fex
ops_data_calendar_hold_05,/output/Remediated_Reports/OPR_Data/oper_perf_summary_data_calendar.fex
ops_perf_data_top4_stn_hold,/output/OTP_Reports/Weekly_ops_perf/Data_Extract/Ops_Perf_Data_Extract.fex
ops_perf_data_top4_stn_hold,/output/Argo/OPS/Ops_Perf_Data_Extract.fex
data_ifs_500e_ttl_hold_08,/output/FOPs_Reports/Flight_Ops_Reports/VER_Reports/IFS_500E_VER_data_test.fex
data_ifs_500e_ttl_hold_08,/output/FOPs_Reports/Flight_Ops_Reports/VER_Reports/IFS_500E_VER_data.fex
pbs_pb_dpg_dea_thg_hold,/output/OPS_BI_Tool/Flight_Ops_Reports/Monthly_Crew_Pairing/crew_pairing_review_hold_file.fex
pbs_pb_dpg_dea_thg_hold,/output/FOPs_Reports/Flight_Ops_Reports/Monthly_Crew_Pairing/crew_pairing_review_hold_file.fex
transition_pilots_hold_final,/output/FOPs_Reports/IOE_Tracking/PQRMcode_partII.fex
transition_pilots_hold_final,/output/FOPs_Reports/Flight_Ops_Reports/IOE_Tracking/PQRMcode_partII.fex
omi_snapshot_details,/output/SR4/OMI_Reports/OMI_Snapshot_ETLs/OMI_Snapshot_Staging.fex
acf_future_data_hold_03,/output/Fuel_Reports/Contingency_Fuel_Stats/acf_data.fex
acf_future_data_hold_03,/output//acf_data.fex
pbs_ss_si_hold_all_temp,/output/OPS_BI_Tool/Flight_Ops_Reports/Monthly_Crew_Pairing/crew_pairing_review_hold_file.fex
pbs_ss_si_hold_all_temp,/output/FOPs_Reports/Flight_Ops_Reports/Monthly_Crew_Pairing/crew_pairing_review_hold_file.fex
dash_data_top4_stations,/output/OPS_Real-Time_Dashboard/Utility_Procedures/dash_data_ETL.fex
dash_data_top4_stations,/output/OPS_Real-Time_Dashboard/Utility_Procedures/dash_data_top4_stations.fex
oper_perf_summary_data_dly_codes,/output/ETLs/OPR_Data/oper_perf_summary_data_dly_codes.fex
oper_perf_summary_data_dly_codes,/output/Remediated_Reports/OPR_Data/oper_perf_summary_data_dly_codes.fex
dash_data_sum,/output/OPS_Real-Time_Dashboard/Utility_Procedures/dash_data_sum_gdgt.fex
daily_ft_data,/output/OTP_Reports/Daily_Startup_Report/Data_Extract/daily_ft_data_startup.fex
daily_ft_data,/output/OTP_Reports/Daily_Yest_Report_Param/Data_Extract/daily_ft_data_yest.fex
hold_yest,/output/OTP_Reports/Daily_Yest_Report_Param/Report_Components/daily_yest_ops_summary.fex
acf_hist_data_hold_1,/output/Fuel_Reports/Contingency_Fuel_Stats/acf_data.fex
ops_data_mta_perf_hold_final,/output/ETLs/OPR_Data/oper_perf_summary_data_mta_perf.fex
ops_data_mta_perf_hold_final,/output/Remediated_Reports/OPR_Data/oper_perf_summary_data_mta_perf.fex
ops_perf_data_irrops_hold,/output/OTP_Reports/Weekly_ops_perf/Data_Extract/Ops_Perf_Data_Extract.fex
weekly_exec_ops_perf_summary_data_final,/output/Executive_Reports/Weekly_Executive_OPS_Performance_Summary/Weekly_Executive_Branch_Data_v2.fex
weekly_exec_ops_perf_summary_data_final,/output/Executive_Reports/Weekly_Executive_OPS_Performance_Summary/Weekly_Executive_Branch_Data.fex
acf_future_data_hold_03_1,/output/Fuel_Reports/Contingency_Fuel_Stats/acf_data.fex
hold_dash_mel,/output/OPS_Real-Time_Dashboard/Utility_Procedures/dash_data_trax.fex
hold_dash_mel,/output//home/BuildScanDirectory/ops/WFC/Repository/Ops_Analytics/~tp038123/dash_data_trax.fex
oper_perf_summary_data_fuel,/output/ETLs/OPR_Data/oper_perf_summary_data_fuel.fex
oper_perf_summary_data_fuel,/output/Remediated_Reports/OPR_Data/oper_perf_summary_data_fuel.fex
atpdr_fin_swap_data,/output/Compliance_Reports/ATPDR_Fin_Swap_Report/ATPDR_Fin_Swap_Update.fex
bi_dlycode_td,/output/OPS_BI_Tool/Utility_Procedures/bi_tool_dimensions_load.fex
bi_dlycode_td,/output//home/BuildScanDirectory/ops/WFC/Repository/Ops_Analytics/~tp038123/bi_tool_dimensions_load.fex
acf_future_data_hold_03_2,/output/Fuel_Reports/Contingency_Fuel_Stats/acf_data.fex
hold_station_frequency,/output/OPS_Real-Time_Dashboard/Utility_Procedures/dash_data_ETL.fex
ops_perf_data_mtd_flights_hold,/output/OTP_Reports/Weekly_ops_perf/Data_Extract/Ops_Perf_Data_Extract.fex
ops_perf_data_mtd_flights_hold,/output/Argo/OPS/Ops_Perf_Data_Extract.fex
omi_snapshot_master_staging,/output/SR4/OMI_Reports/OMI_Snapshot_ETLs/OMI_Snapshot_Staging.fex
oper_perf_summary_data,/output/ETLs/OPR_Data/oper_perf_summary_data.fex
oper_perf_summary_data,/output/Remediated_Reports/OPR_Data/oper_perf_summary_data.fex
oper_perf_summary_data,/output/Remediated_Reports/OPR_Data/oper_perf_summary_data_v2.fex
